SessionID,SessionDate,SessionDuration,SessionFrequency,RecordID,Timestamp,timeIntervalSince1970,GyroX,GyroY,GyroZ,AccX,AccY,AccZ,MagX,MagY,MagZ,WatchTimestamp,WatchtImeIntervalSince1970,WatchGyroX,WatchGyroY,WatchGyroZ,WatchAccX,WatchAccY,WatchAccZ
1,39:45.9,00:05,60,0,39:46.0,1661938786,0.086184687,-0.283592568,0.355026804,-0.016204834,-0.1121521,-0.845001221,41.46238708,-55.99015808,-69.45994568,,,,,,,,
1,39:45.9,00:05,60,0,39:46.0,1661938786,0.086184687,-0.283592568,0.355026804,-0.016204834,-0.1121521,-0.845001221,41.18202209,-55.66699219,-70.54866028,,,,,,,,
1,39:45.9,00:05,60,0,39:46.0,1661938786,0.509122631,-1.092378612,0.444293833,-0.101928711,-0.165359497,-0.762207031,40.98490906,-55.56797791,-70.35923767,,,,,,,,
1,39:45.9,00:05,60,0,39:46.0,1661938786,1.01231094,-1.564688633,0.402479008,-0.075866699,-0.033081055,-0.727264404,40.24571228,-55.51448059,-70.05786133,,,,,,,,
1,39:45.9,00:05,60,0,39:46.0,1661938786,1.343064895,-1.96314467,0.584248275,-0.188552856,-0.098648071,-0.665298462,39.25387573,-56.55805969,-70.29951477,,,,,,,,
1,39:45.9,00:05,60,0,39:46.0,1661938786,1.500838547,-2.342358569,0.788419253,-0.19631958,-0.102371216,-0.628311157,39.25387573,-56.55805969,-70.29951477,,,,,,,,
1,39:45.9,00:05,60,0,39:46.0,1661938786,1.557073324,-2.696467914,0.929375842,-0.208236694,-0.084899902,-0.51625061,38.36383057,-57.33683777,-69.40235901,,,,,,,,
1,39:45.9,00:05,60,0,39:46.1,1661938786,1.521720659,-3.037271307,1.038260515,-0.266113281,-0.055358887,-0.472824097,37.15446472,-58.06550598,-69.06542969,,,,,,,,
1,39:45.9,00:05,60,0,39:46.1,1661938786,1.244392912,-3.170083684,1.093319507,-0.312866211,-0.054290771,-0.445388794,35.6725769,-58.27967834,-69.07788086,,,,,,,,
1,39:45.9,00:05,60,0,39:46.1,1661938786,0.527822549,-2.903384612,1.036624269,-0.379241943,-0.070617676,-0.468765259,34.36909485,-58.1318512,-68.125,,,,,,,,
1,39:45.9,00:05,60,0,39:46.1,1661938786,-0.391722767,-2.436574551,0.981861688,-0.457290649,-0.054931641,-0.452713013,33.33226013,-57.78771973,-66.75309753,,,,,,,,
1,39:45.9,00:05,60,0,39:46.1,1661938786,-0.993246701,-2.205101111,1.033891067,-0.505218506,-0.035705566,-0.4662323,33.33226013,-57.78771973,-66.75309753,,,,,,,,
1,39:45.9,00:05,60,0,39:46.1,1661938786,-1.066310792,-2.290519606,1.086436833,-0.536758423,-0.017715454,-0.535385132,32.73553467,-56.85041809,-64.64466858,,,,,,,,
1,39:45.9,00:05,60,0,39:46.2,1661938786,-0.848260483,-2.702613425,1.111153365,-0.57144165,0.033630371,-0.587341309,31.80220032,-55.5933075,-63.37802124,,,,,,,,
1,39:45.9,00:05,60,0,39:46.2,1661938786,-0.614273285,-3.196722219,1.225757709,-0.592788696,0.055175781,-0.672042847,30.97917175,-54.51792908,-62.15913391,,,,,,,,
1,39:45.9,00:05,60,0,39:46.2,1661938786,-0.459147081,-3.479524094,1.41400618,-0.624938965,0.046340942,-0.719818115,30.31246948,-53.72633362,-60.64091492,,,,,,,,
1,39:45.9,00:05,60,0,39:46.2,1661938786,-0.383675759,-3.462389049,1.618319371,-0.702667236,0.071746826,-0.756195068,29.59251404,-52.91603088,-57.89457703,,,,,,,,
1,39:45.9,00:05,60,0,39:46.2,1661938786,-0.356233482,-3.429787963,1.734061151,-0.766265869,0.088150024,-0.768280029,29.21955872,-51.98997498,-56.0480957,,,,,,,,
1,39:45.9,00:05,60,0,39:46.2,1661938786,-0.44499531,-3.413129091,1.784697164,-0.808761597,0.070236206,-0.818649292,29.21955872,-51.98997498,-56.0480957,,,,,,,,
1,39:45.9,00:05,60,0,39:46.3,1661938786,-0.745574584,-3.31580307,1.900970245,-0.858123779,0.026229858,-0.86265564,29.14677429,-50.77810669,-54.10823059,,,,,,,,
1,39:45.9,00:05,60,0,39:46.3,1661938786,-1.005339583,-3.181726758,2.039479922,-0.917160034,-0.00793457,-0.857894897,29.20755005,-49.29342651,-52.2157135,,,,,,,,
1,39:45.9,00:05,60,0,39:46.3,1661938786,-0.939890535,-3.056269766,2.11465297,-0.9712677,0.011383057,-0.860778809,29.57125854,-47.8391571,-50.20428467,,,,,,,,
1,39:45.9,00:05,60,0,39:46.3,1661938786,-0.586482401,-2.951676511,2.090463211,-1.007522583,0.059570313,-0.847229004,30.07415771,-46.03094482,-48.19221497,,,,,,,,
1,39:45.9,00:05,60,0,39:46.3,1661938786,-0.292870755,-2.919149194,2.000887255,-1.045791626,0.087890625,-0.832351685,30.75318909,-45.20201111,-47.14955139,,,,,,,,
1,39:45.9,00:05,60,0,39:46.3,1661938786,-0.227468046,-2.841385157,1.989097441,-1.076431274,0.039306641,-0.846786499,30.75318909,-45.20201111,-47.14955139,,,,,,,,
1,39:45.9,00:05,60,0,39:46.4,1661938786,-0.259690963,-2.695919569,2.005443924,-1.109710693,0.01461792,-0.802658081,31.43203735,-44.38035583,-45.31932068,,,,,,,,
1,39:45.9,00:05,60,0,39:46.4,1661938786,-0.264756296,-2.526112956,2.012262948,-1.144760132,0.042816162,-0.752471924,32.33082581,-43.44763184,-44.60125732,,,,,,,,
1,39:45.9,00:05,60,0,39:46.4,1661938786,-0.235601606,-2.32610077,2.021845268,-1.177993774,0.065948486,-0.714004517,33.2297821,-42.23861694,-43.77770996,,,,,,,,
1,39:45.9,00:05,60,0,39:46.4,1661938786,-0.208356136,-2.081446014,2.048844129,-1.20501709,0.090301514,-0.664016724,34.35293579,-41.09785461,-42.61088562,,,,,,,,
1,39:45.9,00:05,60,0,39:46.4,1661938786,-0.23756116,-1.82010975,2.087713764,-1.21534729,0.108291626,-0.612670898,35.45848083,-40.27400208,-41.27684021,,,,,,,,
1,39:45.9,00:05,60,0,39:46.4,1661938786,-0.328986148,-1.551243664,2.155718381,-1.222229004,0.114852905,-0.563674927,35.45848083,-40.27400208,-41.27684021,,,,,,,,
1,39:45.9,00:05,60,0,39:46.5,1661938786,-0.474669848,-1.349826128,2.206427632,-1.20930481,0.119598389,-0.516677856,37.08518982,-39.41848755,-40.59066772,,,,,,,,
1,39:45.9,00:05,60,0,39:46.5,1661938786,-0.619076563,-1.224801367,2.19474967,-1.191268921,0.124008179,-0.496246338,38.4962616,-38.34031677,-40.00256348,,,,,,,,
1,39:45.9,00:05,60,0,39:46.5,1661938786,-0.729717857,-1.131178206,2.110650771,-1.183166504,0.129898071,-0.472595215,40.14421082,-37.66035461,-39.18856812,,,,,,,,
1,39:45.9,00:05,60,0,39:46.5,1661938787,-0.783927832,-1.060125867,1.999189224,-1.188140869,0.144836426,-0.455429077,41.71643066,-36.76109314,-38.05645752,,,,,,,,
1,39:45.9,00:05,60,0,39:46.5,1661938787,-0.771543334,-0.983708856,1.858900822,-1.194091797,0.158935547,-0.443328857,43.14610291,-36.10017395,-37.10391235,,,,,,,,
1,39:45.9,00:05,60,0,39:46.5,1661938787,-0.699867816,-0.879041832,1.691823949,-1.200973511,0.17376709,-0.422012329,43.14610291,-36.10017395,-37.10391235,,,,,,,,
1,39:45.9,00:05,60,0,39:46.6,1661938787,-0.5914966,-0.730060073,1.51982076,-1.204711914,0.17616272,-0.393722534,44.56082153,-35.84065247,-36.0038147,,,,,,,,
1,39:45.9,00:05,60,0,39:46.6,1661938787,-0.51373496,-0.559859312,1.35951098,-1.193634033,0.169372559,-0.370025635,45.73890686,-35.09747314,-36.01469421,,,,,,,,
1,39:45.9,00:05,60,0,39:46.6,1661938787,-0.524171089,-0.447488028,1.199711993,-1.167053223,0.1668396,-0.339645386,46.6398468,-34.87408447,-35.47613525,,,,,,,,
1,39:45.9,00:05,60,0,39:46.6,1661938787,-0.624519265,-0.364689285,1.016637778,-1.145980835,0.181182861,-0.326858521,47.71572876,-34.99537659,-34.91471863,,,,,,,,
1,39:45.9,00:05,60,0,39:46.6,1661938787,-0.744296533,-0.337570848,0.887499499,-1.10874939,0.208999634,-0.29145813,48.46800232,-34.91210938,-34.28694153,,,,,,,,
1,39:45.9,00:05,60,0,39:46.6,1661938787,-0.803361185,-0.325149865,0.802387001,-1.093978882,0.229217529,-0.271240234,48.46800232,-34.91210938,-34.28694153,,,,,,,,
1,39:45.9,00:05,60,0,39:46.7,1661938787,-0.76056392,-0.224454412,0.681644603,-1.090988159,0.239517212,-0.250045776,48.98126221,-35.13322449,-33.04888916,,,,,,,,
1,39:45.9,00:05,60,0,39:46.7,1661938787,-0.682704275,-0.066608855,0.495070994,-1.067260742,0.252838135,-0.221160889,49.542099,-34.815979,-32.6446991,,,,,,,,
1,39:45.9,00:05,60,0,39:46.7,1661938787,-0.639336827,0.094025299,0.327534459,-1.005966187,0.243087769,-0.199386597,49.58105469,-35.35916138,-31.85166931,,,,,,,,
1,39:45.9,00:05,60,0,39:46.7,1661938787,-0.636277654,0.185521927,0.189076448,-0.866867065,0.177215576,-0.180175781,49.62687683,-35.10784912,-31.74803162,,,,,,,,
1,39:45.9,00:05,60,0,39:46.7,1661938787,-0.552311381,0.123879601,0.122104871,-0.849121094,0.180511475,-0.170654297,49.76747131,-35.18737793,-31.16973877,,,,,,,,
1,39:45.9,00:05,60,0,39:46.7,1661938787,-0.388561328,0.045508896,0.032651154,-0.878982544,0.208908081,-0.158294678,49.76747131,-35.18737793,-31.16973877,,,,,,,,
1,39:45.9,00:05,60,0,39:46.8,1661938787,-0.154166933,-0.004992628,-0.060620471,-0.920532227,0.228424072,-0.141189575,49.72293091,-35.3558197,-30.16293335,,,,,,,,
1,39:45.9,00:05,60,0,39:46.8,1661938787,0.085555382,-0.030831949,-0.170753633,-0.94418335,0.227844238,-0.130645752,49.63716125,-35.38153076,-30.44770813,,,,,,,,
1,39:45.9,00:05,60,0,39:46.8,1661938787,0.254044795,-0.089750659,-0.336260839,-0.935424805,0.217712402,-0.125411987,49.27146912,-35.5625,-30.92851257,,,,,,,,
1,39:45.9,00:05,60,0,39:46.8,1661938787,0.324050246,-0.170051091,-0.470473506,-0.910339355,0.216079712,-0.145782471,48.89276123,-35.59164429,-30.96333313,,,,,,,,
1,39:45.9,00:05,60,0,39:46.8,1661938787,0.329211984,-0.216233234,-0.516476151,-0.920394897,0.209274292,-0.147140503,48.40109253,-35.44697571,-31.38140869,,,,,,,,
1,39:45.9,00:05,60,0,39:46.8,1661938787,0.327492381,-0.199045991,-0.524998533,-0.959197998,0.215362549,-0.13949585,48.40109253,-35.44697571,-31.38140869,,,,,,,,
1,39:45.9,00:05,60,0,39:46.9,1661938787,0.341918991,-0.124382406,-0.550534786,-0.998352051,0.224456787,-0.123474121,48.13143921,-35.69671631,-31.29359436,,,,,,,,
1,39:45.9,00:05,60,0,39:46.9,1661938787,0.358122729,0.043044406,-0.630153981,-1.041671753,0.216766357,-0.114227295,47.48587036,-35.86271667,-31.90444946,,,,,,,,
1,39:45.9,00:05,60,0,39:46.9,1661938787,0.355572752,0.189267397,-0.767042326,-1.055038452,0.20324707,-0.101364136,46.72125244,-35.82553101,-31.94224548,,,,,,,,
1,39:45.9,00:05,60,0,39:46.9,1661938787,0.320006502,0.264814086,-0.880416023,-1.031890869,0.178604126,-0.10786438,46.06266785,-36.47462463,-32.60734558,,,,,,,,
1,39:45.9,00:05,60,0,39:46.9,1661938787,0.254915915,0.2611573,-0.926283113,-0.997634888,0.136444092,-0.109268188,45.51641846,-36.56390381,-31.98002625,,,,,,,,
1,39:45.9,00:05,60,0,39:46.9,1661938787,0.191212303,0.170778401,-0.918751161,-0.98298645,0.095489502,-0.122161865,45.51641846,-36.56390381,-31.98002625,,,,,,,,
1,39:45.9,00:05,60,0,39:47.0,1661938787,0.200797553,0.032216792,-0.926513743,-1.00579834,0.083435059,-0.134124756,44.88473511,-37.35044861,-31.8119812,,,,,,,,
1,39:45.9,00:05,60,0,39:47.0,1661938787,0.290885901,-0.046177349,-0.96539696,-1.021743774,0.08052063,-0.155059814,44.25672913,-37.52163696,-31.76286316,,,,,,,,
1,39:45.9,00:05,60,0,39:47.0,1661938787,0.432920271,-0.035027493,-1.049495593,-1.034164429,0.065551758,-0.169326782,43.41546631,-37.26275635,-33.01560974,,,,,,,,
1,39:45.9,00:05,60,0,39:47.0,1661938787,0.608808213,0.052562544,-1.144129957,-1.056945801,0.054382324,-0.191101074,42.75215149,-38.0802002,-33.61964417,,,,,,,,
1,39:45.9,00:05,60,0,39:47.0,1661938787,0.823711464,0.065780079,-1.201553036,-1.080123901,0.039810181,-0.165740967,42.07028198,-38.54196167,-34.01254272,,,,,,,,
1,39:45.9,00:05,60,0,39:47.0,1661938787,0.932798537,-0.10234315,-1.216409214,-1.089569092,0.012863159,-0.17364502,42.07028198,-38.54196167,-34.01254272,,,,,,,,
1,39:45.9,00:05,60,0,39:47.1,1661938787,0.966929077,-0.316600851,-1.222376293,-1.107223511,0.018188477,-0.202972412,41.40083313,-38.54885864,-34.11828613,,,,,,,,
1,39:45.9,00:05,60,0,39:47.1,1661938787,1.032411148,-0.458830964,-1.224839451,-1.140426636,0.023376465,-0.211730957,40.55384827,-39.26837158,-35.27191162,,,,,,,,
1,39:45.9,00:05,60,0,39:47.1,1661938787,1.148508726,-0.533209591,-1.251852693,-1.173980713,0.022445679,-0.205383301,39.87806702,-39.18725586,-35.43110657,,,,,,,,
1,39:45.9,00:05,60,0,39:47.1,1661938787,1.303985669,-0.548330221,-1.372985509,-1.220169067,0.026443481,-0.194244385,39.14360046,-39.84010315,-36.44941711,,,,,,,,
1,39:45.9,00:05,60,0,39:47.1,1661938787,1.419676849,-0.451815932,-1.578592465,-1.280258179,0.057327271,-0.208786011,38.05755615,-40.11123657,-37.5400238,,,,,,,,
1,39:45.9,00:05,60,0,39:47.1,1661938787,1.425725686,-0.323135982,-1.713115922,-1.33404541,0.097381592,-0.198883057,38.05755615,-40.11123657,-37.5400238,,,,,,,,
1,39:45.9,00:05,60,0,39:47.2,1661938787,1.393302233,-0.213291773,-1.775665853,-1.325973511,0.093215942,-0.21383667,37.26507568,-41.39442444,-37.86305237,,,,,,,,
1,39:45.9,00:05,60,0,39:47.2,1661938787,1.35832321,-0.094951547,-1.825102645,-1.295928955,0.067077637,-0.219665527,36.08776855,-41.472229,-39.50512695,,,,,,,,
1,39:45.9,00:05,60,0,39:47.2,1661938787,1.278032898,0.005767075,-1.872207573,-1.298477173,0.076812744,-0.215362549,34.82104492,-42.17245483,-39.94845581,,,,,,,,
1,39:45.9,00:05,60,0,39:47.2,1661938787,1.219017781,0.051938299,-1.904167903,-1.311920166,0.111877441,-0.202987671,33.25987244,-43.16899109,-40.50445557,,,,,,,,
1,39:45.9,00:05,60,0,39:47.2,1661938787,1.273049591,0.05639217,-1.972586109,-1.312286377,0.122955322,-0.212478638,31.61917114,-43.72544861,-42.24060059,,,,,,,,
1,39:45.9,00:05,60,0,39:47.2,1661938787,1.407139485,0.063246081,-2.060155639,-1.295883179,0.105514526,-0.217193604,30.24406433,-45.04095459,-42.74241638,,,,,,,,
1,39:45.9,00:05,60,0,39:47.3,1661938787,1.4580024,0.092125666,-2.165232258,-1.297271729,0.106307983,-0.200866699,30.24406433,-45.04095459,-42.74241638,,,,,,,,
1,39:45.9,00:05,60,0,39:47.3,1661938787,1.375058514,0.146969741,-2.274488175,-1.289932251,0.12588501,-0.190536499,28.80987549,-46.661026,-43.41802979,,,,,,,,
1,39:45.9,00:05,60,0,39:47.3,1661938787,1.224014936,0.169554146,-2.319443932,-1.262817383,0.131530762,-0.18977356,27.36624146,-48.28039551,-43.90739441,,,,,,,,
1,39:45.9,00:05,60,0,39:47.3,1661938787,1.080692661,0.186709697,-2.296698406,-1.276473999,0.143447876,-0.189819336,25.95254517,-49.84436035,-44.67324829,,,,,,,,
1,39:45.9,00:05,60,0,39:47.3,1661938787,0.941187228,0.199587678,-2.249552732,-1.341201782,0.203231812,-0.15322876,24.74781799,-51.44697571,-45.14120483,,,,,,,,
1,39:45.9,00:05,60,0,39:47.3,1661938787,0.793672871,0.233449505,-2.200554829,-1.381713867,0.254318237,-0.123962402,23.64874268,-53.08161926,-45.33564758,,,,,,,,
1,39:45.9,00:05,60,0,39:47.4,1661938787,0.614285536,0.279220456,-2.16333156,-1.349151611,0.243133545,-0.112350464,23.64874268,-53.08161926,-45.33564758,,,,,,,,
1,39:45.9,00:05,60,0,39:47.4,1661938787,0.426465301,0.355231867,-2.118198436,-1.282211304,0.203384399,-0.136444092,22.8349762,-54.74121094,-45.16828918,,,,,,,,
1,39:45.9,00:05,60,0,39:47.4,1661938787,0.287908486,0.475322589,-2.041578226,-1.218032837,0.172958374,-0.1434021,22.04748535,-56.11743164,-46.01646423,,,,,,,,
1,39:45.9,00:05,60,0,39:47.4,1661938787,0.257314358,0.587681888,-1.950829414,-1.153045654,0.152816772,-0.148513794,21.28347778,-57.4921875,-46.58239746,,,,,,,,
1,39:45.9,00:05,60,0,39:47.4,1661938787,0.349770257,0.662977974,-1.860739202,-1.079147339,0.138549805,-0.150482178,20.81307983,-58.9176178,-46.98207092,,,,,,,,
1,39:45.9,00:05,60,0,39:47.4,1661938787,0.697601199,0.682330367,-1.654861137,-0.906936646,0.097106934,-0.144836426,20.15771484,-60.27919006,-47.30825806,,,,,,,,
1,39:45.9,00:05,60,0,39:47.5,1661938787,0.857317361,0.593880662,-1.540927377,-0.833465576,0.074081421,-0.127410889,20.15771484,-60.27919006,-47.30825806,,,,,,,,
1,39:45.9,00:05,60,0,39:47.5,1661938787,0.953869201,0.393110274,-1.417519156,-0.812362671,0.088012695,-0.111175537,19.50927734,-61.59358215,-47.97576904,,,,,,,,
1,39:45.9,00:05,60,0,39:47.5,1661938787,0.981262476,0.142916676,-1.252271341,-0.810958862,0.12550354,-0.093032837,19.31666565,-62.76759338,-48.74052429,,,,,,,,
1,39:45.9,00:05,60,0,39:47.5,1661938788,0.958299103,-0.055158327,-1.046077692,-0.805389404,0.139846802,-0.091278076,18.90376282,-64.01315308,-49.04702759,,,,,,,,
1,39:45.9,00:05,60,0,39:47.5,1661938788,0.895835992,-0.136880355,-0.813894253,-0.79107666,0.125320435,-0.093032837,18.65435791,-64.51077271,-49.14416504,,,,,,,,
1,39:45.9,00:05,60,0,39:47.5,1661938788,0.773619801,-0.112366223,-0.598215489,-0.773483276,0.096374512,-0.098388672,18.47692871,-65.28726196,-49.13769531,,,,,,,,
1,39:45.9,00:05,60,0,39:47.6,1661938788,0.60270478,0.008788964,-0.414918634,-0.746917725,0.059371948,-0.097808838,18.47692871,-65.28726196,-49.13769531,,,,,,,,
1,39:45.9,00:05,60,0,39:47.6,1661938788,0.417782064,0.16620815,-0.266050059,-0.724807739,0.024093628,-0.082443237,18.37805176,-66.04281616,-49.0644989,,,,,,,,
1,39:45.9,00:05,60,0,39:47.6,1661938788,0.237230928,0.242580952,-0.134048882,-0.695022583,-0.002182007,-0.06829834,18.30943298,-66.25172424,-50.02441406,,,,,,,,
1,39:45.9,00:05,60,0,39:47.6,1661938788,0.10623829,0.213641446,-0.023351129,-0.672317505,-0.028076172,-0.075027466,18.17922974,-66.15620422,-49.60791016,,,,,,,,
1,39:45.9,00:05,60,0,39:47.6,1661938788,0.079424518,0.116834209,0.080319074,-0.656417847,-0.052276611,-0.076416016,18.06585693,-65.90875244,-50.41403198,,,,,,,,
1,39:45.9,00:05,60,0,39:47.6,1661938788,0.129714055,0.03890612,0.182768485,-0.650344849,-0.064620972,-0.079940796,18.27513123,-65.73027039,-50.53927612,,,,,,,,
1,39:45.9,00:05,60,0,39:47.7,1661938788,0.177227245,0.003176086,0.271882648,-0.652236938,-0.073257446,-0.072006226,18.27513123,-65.73027039,-50.53927612,,,,,,,,
1,39:45.9,00:05,60,0,39:47.7,1661938788,0.158259679,-0.042657982,0.371210567,-0.667419434,-0.066070557,-0.063354492,18.11347961,-65.72640991,-50.284729,,,,,,,,
1,39:45.9,00:05,60,0,39:47.7,1661938788,0.08411834,-0.121883828,0.493960456,-0.682647705,-0.059997559,-0.064697266,18.41409302,-65.48878479,-50.36981201,,,,,,,,
1,39:45.9,00:05,60,0,39:47.7,1661938788,-0.035649607,-0.185942706,0.61899507,-0.700378418,-0.059738159,-0.071609497,18.23036194,-64.76869202,-50.53414917,,,,,,,,
1,39:45.9,00:05,60,0,39:47.7,1661938788,-0.180291478,-0.194403569,0.749078771,-0.7265625,-0.064666748,-0.075271606,18.27008057,-64.27371216,-50.35392761,,,,,,,,
1,39:45.9,00:05,60,0,39:47.7,1661938788,-0.332834683,-0.181041691,0.919486194,-0.749938965,-0.06678772,-0.076629639,18.641922,-63.56367493,-48.50668335,,,,,,,,
1,39:45.9,00:05,60,0,39:47.8,1661938788,-0.40770919,-0.179185468,1.09807538,-0.777145386,-0.070999146,-0.086044312,18.641922,-63.56367493,-48.50668335,,,,,,,,
1,39:45.9,00:05,60,0,39:47.8,1661938788,-0.393262873,-0.154652428,1.251047086,-0.795883179,-0.078674316,-0.091918945,18.59074402,-62.28034973,-48.8311615,,,,,,,,
1,39:45.9,00:05,60,0,39:47.8,1661938788,-0.350058677,-0.131832599,1.361294499,-0.816055298,-0.081390381,-0.089645386,18.87016296,-61.02095032,-49.22491455,,,,,,,,
1,39:45.9,00:05,60,0,39:47.8,1661938788,-0.322267259,-0.144585146,1.424010877,-0.829437256,-0.089538574,-0.093490601,19.55343628,-60.4619751,-48.9972229,,,,,,,,
1,39:45.9,00:05,60,0,39:47.8,1661938788,-0.315379792,-0.231969054,1.490460741,-0.849380493,-0.101348877,-0.088592529,19.62854004,-59.0620575,-48.66467285,,,,,,,,
1,39:45.9,00:05,60,0,39:47.8,1661938788,-0.307989254,-0.357156534,1.583264448,-0.879226685,-0.100372314,-0.086929321,20.26939392,-57.91969299,-48.09584045,,,,,,,,
1,39:45.9,00:05,60,0,39:47.9,1661938788,-0.316365694,-0.453138724,1.659869744,-0.91998291,-0.086929321,-0.07723999,20.26939392,-57.91969299,-48.09584045,,,,,,,,
1,39:45.9,00:05,60,0,39:47.9,1661938788,-0.364306855,-0.487039699,1.69303835,-0.966033936,-0.063552856,-0.07510376,20.82264709,-56.30752563,-47.02912903,,,,,,,,
1,39:45.9,00:05,60,0,39:47.9,1661938788,-0.448215338,-0.473491133,1.691448177,-0.996673584,-0.043319702,-0.084457397,21.27648926,-54.73245239,-47.11793518,,,,,,,,
1,39:45.9,00:05,60,0,39:47.9,1661938788,-0.532607983,-0.381984918,1.678328114,-1.03453064,-0.017456055,-0.090026855,21.97311401,-53.7964325,-46.47320557,,,,,,,,
1,39:45.9,00:05,60,0,39:47.9,1661938788,-0.600970263,-0.284483395,1.683506098,-1.052780151,0.001815796,-0.092330933,22.69770813,-52.26246643,-45.43022156,,,,,,,,
1,39:45.9,00:05,60,0,39:47.9,1661938788,-0.670296341,-0.277415099,1.736887031,-1.046691895,0.011810303,-0.104370117,23.54527283,-51.31684875,-44.72442627,,,,,,,,
1,39:45.9,00:05,60,0,39:48.0,1661938788,-0.712763907,-0.321034482,1.799196745,-1.057006836,0.029968262,-0.110809326,23.54527283,-51.31684875,-44.72442627,,,,,,,,
1,39:45.9,00:05,60,0,39:48.0,1661938788,-0.681839014,-0.296107028,1.7931029,-1.100723267,0.054214478,-0.085754395,24.36174011,-49.82072449,-43.80381775,,,,,,,,
1,39:45.9,00:05,60,0,39:48.0,1661938788,-0.64728583,-0.247098472,1.6717802,-1.16506958,0.087158203,-0.028762817,25.18296814,-48.14755249,-43.89332581,,,,,,,,
1,39:45.9,00:05,60,0,39:48.0,1661938788,-0.79453973,-0.204750749,1.522613085,-1.244049072,0.132415771,-0.003219604,26.01974487,-47.57730103,-43.13087463,,,,,,,,
1,39:45.9,00:05,60,0,39:48.0,1661938788,-1.246353798,-0.204773652,1.458046076,-1.338607788,0.206512451,-0.019332886,26.8150177,-46.47090149,-42.22038269,,,,,,,,
1,39:45.9,00:05,60,0,39:48.0,1661938788,-1.879582665,-0.196817192,1.578573556,-1.428161621,0.295410156,-0.085327148,27.92358398,-45.18469238,-40.80541992,,,,,,,,
1,39:45.9,00:05,60,0,39:48.1,1661938788,-2.367017044,-0.112262094,1.877217245,-1.494003296,0.342041016,-0.131729126,27.92358398,-45.18469238,-40.80541992,,,,,,,,
1,39:45.9,00:05,60,0,39:48.1,1661938788,-2.538026341,0.008456335,2.215415001,-1.526367188,0.327545166,-0.176208496,29.43435669,-44.50584412,-38.9594574,,,,,,,,
1,39:45.9,00:05,60,0,39:48.1,1661938788,-2.46034859,0.099208343,2.408753572,-1.501296997,0.292938232,-0.203689575,31.10415649,-42.88476563,-37.52740479,,,,,,,,
1,39:45.9,00:05,60,0,39:48.1,1661938788,-2.223177051,0.176514583,2.402677038,-1.435272217,0.25944519,-0.217254639,32.62161255,-42.0683136,-36.06343079,,,,,,,,
1,39:45.9,00:05,60,0,39:48.1,1661938788,-1.923431079,0.176440281,2.284751466,-1.331558228,0.201141357,-0.200012207,34.08808899,-41.06855774,-35.16970825,,,,,,,,
1,39:45.9,00:05,60,0,39:48.1,1661938788,-1.656121878,0.042126415,2.102376596,-1.217346191,0.128768921,-0.191696167,35.67648315,-40.74247742,-33.53536987,,,,,,,,
1,39:45.9,00:05,60,0,39:48.2,1661938788,-1.349161669,-0.522436572,1.689822051,-1.091491699,0.07522583,-0.204360962,37.07035828,-40.25862122,-32.51269531,,,,,,,,
1,39:45.9,00:05,60,0,39:48.2,1661938788,-1.200539704,-0.738662349,1.595373842,-1.111953735,0.105316162,-0.202011108,37.07035828,-40.25862122,-32.51269531,,,,,,,,
1,39:45.9,00:05,60,0,39:48.2,1661938788,-1.008542034,-0.852804368,1.543001181,-1.172134399,0.143356323,-0.186187744,38.27452087,-39.86605835,-31.51704407,,,,,,,,
1,39:45.9,00:05,60,0,39:48.2,1661938788,-0.877632487,-0.883480256,1.507512162,-1.227523804,0.17767334,-0.191635132,39.45436096,-39.80477905,-30.93519592,,,,,,,,
1,39:45.9,00:05,60,0,39:48.2,1661938788,-0.867714342,-0.784756342,1.495852843,-1.277740479,0.196655273,-0.18359375,40.54786682,-39.09912109,-30.21173096,,,,,,,,
1,39:45.9,00:05,60,0,39:48.2,1661938788,-0.978932743,-0.6125654,1.479859496,-1.290313721,0.192306519,-0.167770386,41.83981323,-38.99440002,-29.18473816,,,,,,,,
1,39:45.9,00:05,60,0,39:48.3,1661938788,-1.173495303,-0.404581041,1.456816761,-1.257873535,0.161331177,-0.174713135,41.83981323,-38.99440002,-29.18473816,,,,,,,,
1,39:45.9,00:05,60,0,39:48.3,1661938788,-1.350587259,-0.177559341,1.38434762,-1.207092285,0.127502441,-0.17401123,43.0668335,-39.00198364,-27.76722717,,,,,,,,
1,39:45.9,00:05,60,0,39:48.3,1661938788,-1.439856153,-0.008619055,1.263814281,-1.143890381,0.108551025,-0.172119141,43.85447693,-38.44255066,-27.58244324,,,,,,,,
1,39:45.9,00:05,60,0,39:48.3,1661938788,-1.411084426,0.123352295,1.136124495,-1.088394165,0.088531494,-0.18157959,44.89111328,-38.5916748,-26.94793701,,,,,,,,
1,39:45.9,00:05,60,0,39:48.3,1661938788,-1.27548372,0.223379294,1.030956796,-1.045532227,0.070037842,-0.171264648,45.72470093,-38.81990051,-25.58209229,,,,,,,,
1,39:45.9,00:05,60,0,39:48.3,1661938788,-1.058895753,0.217693445,0.928169164,-0.988479614,0.048446655,-0.157165527,46.40023804,-38.65940857,-24.94656372,,,,,,,,
1,39:45.9,00:05,60,0,39:48.4,1661938788,-0.825622282,0.115624601,0.836301292,-0.936706543,0.026107788,-0.164093018,46.98762512,-38.82479858,-24.09207153,,,,,,,,
1,39:45.9,00:05,60,0,39:48.4,1661938788,-0.558386584,-0.008794557,0.755788872,-0.91506958,0.015762329,-0.156585693,46.98762512,-38.82479858,-24.09207153,,,,,,,,
1,39:45.9,00:05,60,0,39:48.4,1661938788,-0.258693343,-0.124707045,0.661757181,-0.911422729,0.012664795,-0.142150879,47.59191895,-38.97047424,-23.48406982,,,,,,,,
1,39:45.9,00:05,60,0,39:48.4,1661938788,0.022271484,-0.221606694,0.534184841,-0.917785645,0.006790161,-0.130126953,47.98956299,-38.86628723,-23.03912354,,,,,,,,
1,39:45.9,00:05,60,0,39:48.4,1661938788,0.221694046,-0.249319016,0.362194968,-0.936477661,0.005279541,-0.119247437,48.28892517,-38.60673523,-23.7791748,,,,,,,,
1,39:45.9,00:05,60,0,39:48.4,1661938788,0.306742362,-0.206560633,0.218872427,-0.950454712,0.013198853,-0.108093262,48.41111755,-38.51039124,-24.10287476,,,,,,,,
1,39:45.9,00:05,60,0,39:48.5,1661938788,0.293426024,-0.111488179,0.150445698,-0.963272095,0.020095825,-0.103271484,48.46809387,-38.41035461,-23.89710999,,,,,,,,
1,39:45.9,00:05,60,0,39:48.5,1661938788,0.248212739,0.005974003,0.141106259,-0.96862793,0.017959595,-0.102996826,48.46809387,-38.41035461,-23.89710999,,,,,,,,
1,39:45.9,00:05,60,0,39:48.5,1661938788,0.231726706,0.120707244,0.135015876,-0.984451294,0.015014648,-0.09034729,48.56306458,-38.35531616,-23.66262817,,,,,,,,
1,39:45.9,00:05,60,0,39:48.5,1661938789,0.237155827,0.160062107,0.064020262,-0.994598389,0.023117065,-0.077438354,48.51577759,-37.61720276,-24.09747314,,,,,,,,
1,39:45.9,00:05,60,0,39:48.5,1661938789,0.288275204,0.169574652,-0.070097862,-1.005233765,0.027893066,-0.082336426,48.37609863,-37.83049011,-24.05537415,,,,,,,,
1,39:45.9,00:05,60,0,39:48.5,1661938789,0.424747562,0.196248607,-0.224530313,-1.019561768,0.024490356,-0.078994751,48.20433044,-37.56336975,-24.69100952,,,,,,,,
1,39:45.9,00:05,60,0,39:48.6,1661938789,0.635125038,0.235886564,-0.371679284,-1.026428223,0.01600647,-0.073364258,47.77180481,-37.44825745,-25.19561768,,,,,,,,
1,39:45.9,00:05,60,0,39:48.6,1661938789,0.841814302,0.235180294,-0.496116551,-1.014480591,0.010162354,-0.061065674,47.77180481,-37.44825745,-25.19561768,,,,,,,,
1,39:45.9,00:05,60,0,39:48.6,1661938789,1.027820924,0.161694891,-0.592006063,-1.00163269,0.020629883,-0.056182861,47.32557678,-37.41902161,-25.03125,,,,,,,,
1,39:45.9,00:05,60,0,39:48.6,1661938789,1.180168119,0.04658721,-0.656304093,-0.994918823,0.032470703,-0.058120728,46.68164063,-36.73358154,-26.18669128,,,,,,,,
1,39:45.9,00:05,60,0,39:48.6,1661938789,1.288357174,-0.029755499,-0.709211516,-1.018371582,0.037719727,-0.053405762,46.17515564,-36.95787048,-27.0015564,,,,,,,,
1,39:45.9,00:05,60,0,39:48.6,1661938789,1.328732561,-0.078832498,-0.785810154,-1.047271729,0.038604736,-0.057571411,45.19493103,-36.04470825,-28.00308228,,,,,,,,
1,39:45.9,00:05,60,0,39:48.7,1661938789,1.319065286,0.025224663,-0.943256771,-1.103790283,0.043045044,-0.06211853,44.53596497,-36.00263977,-28.98677063,,,,,,,,
1,39:45.9,00:05,60,0,39:48.7,1661938789,1.267272129,0.140218894,-1.171925636,-1.172180176,0.048416138,-0.043380737,44.53596497,-36.00263977,-28.98677063,,,,,,,,
1,39:45.9,00:05,60,0,39:48.7,1661938789,1.155626024,0.144661845,-1.36790553,-1.219894409,0.069213867,-0.062698364,43.40875244,-36.2649231,-29.66668701,,,,,,,,
1,39:45.9,00:05,60,0,39:48.7,1661938789,0.997578599,0.116440061,-1.453473162,-1.281082153,0.119033813,-0.095626831,41.89198303,-35.82575989,-30.79441833,,,,,,,,
1,39:45.9,00:05,60,0,39:48.7,1661938789,0.860177596,0.097980626,-1.453029479,-1.367523193,0.18598938,-0.118148804,40.69493103,-35.64549255,-31.68463135,,,,,,,,
1,39:45.9,00:05,60,0,39:48.7,1661938789,0.782321147,0.078625037,-1.442437022,-1.416503906,0.229690552,-0.16847229,39.26689148,-35.61480713,-32.38928223,,,,,,,,
1,39:45.9,00:05,60,0,39:48.8,1661938789,0.77383099,0.096555568,-1.456815962,-1.432250977,0.230575562,-0.219650269,38.17735291,-36.43173218,-32.95050049,,,,,,,,
1,39:45.9,00:05,60,0,39:48.8,1661938789,0.804701021,0.148695469,-1.547967177,-1.419616699,0.196243286,-0.245330811,38.17735291,-36.43173218,-32.95050049,,,,,,,,
1,39:45.9,00:05,60,0,39:48.8,1661938789,0.809463552,0.341831906,-1.699107961,-1.402801514,0.177230835,-0.264205933,36.69248962,-36.82241821,-33.54238892,,,,,,,,
1,39:45.9,00:05,60,0,39:48.8,1661938789,0.801750771,0.549286829,-1.898706025,-1.379165649,0.176589966,-0.246139526,34.97093201,-37.42904663,-35.22766113,,,,,,,,
1,39:45.9,00:05,60,0,39:48.8,1661938789,0.887668609,0.592533635,-2.116773645,-1.327301025,0.15071106,-0.271606445,33.15797424,-38.06855774,-36.52687073,,,,,,,,
1,39:45.9,00:05,60,0,39:48.8,1661938789,1.069531619,0.493731424,-2.300830034,-1.261367798,0.120620728,-0.303161621,31.21357727,-39.0085144,-37.83432007,,,,,,,,
1,39:45.9,00:05,60,0,39:48.9,1661938789,1.361801032,0.361010128,-2.449152394,-1.245635986,0.142471313,-0.306762695,29.38119507,-40.30450439,-39.36755371,,,,,,,,
1,39:45.9,00:05,60,0,39:48.9,1661938789,1.647354751,0.258251791,-2.567880643,-1.286010742,0.20993042,-0.282150269,29.38119507,-40.30450439,-39.36755371,,,,,,,,
1,39:45.9,00:05,60,0,39:48.9,1661938789,1.906204688,0.384727442,-2.63221356,-1.430435181,0.350616455,-0.235046387,27.47859192,-41.90238953,-40.1738739,,,,,,,,
1,39:45.9,00:05,60,0,39:48.9,1661938789,1.922245706,0.427666653,-2.555965927,-1.473526001,0.373016357,-0.24307251,25.83450317,-43.93539429,-41.56787109,,,,,,,,
1,39:45.9,00:05,60,0,39:48.9,1661938789,1.784480916,0.363294587,-2.527053318,-1.442977905,0.369644165,-0.266479492,24.05160522,-45.7275238,-44.30091858,,,,,,,,
1,39:45.9,00:05,60,0,39:48.9,1661938789,1.564290224,0.381557747,-2.54994665,-1.398010254,0.368255615,-0.275894165,22.65478516,-47.85162354,-45.05439758,,,,,,,,
1,39:45.9,00:05,60,0,39:49.0,1661938789,1.346792788,0.501998675,-2.559223772,-1.360839844,0.355651855,-0.246185303,21.22991943,-50.17834473,-46.31716919,,,,,,,,
1,39:45.9,00:05,60,0,39:49.0,1661938789,1.170819891,0.620986848,-2.525337444,-1.299331665,0.331207275,-0.217285156,21.22991943,-50.17834473,-46.31716919,,,,,,,,
1,39:45.9,00:05,60,0,39:49.0,1661938789,1.018371229,0.693044797,-2.455624675,-1.218948364,0.293441772,-0.2006073,20.3052063,-52.39112854,-47.20161438,,,,,,,,
1,39:45.9,00:05,60,0,39:49.0,1661938789,0.899163079,0.688752846,-2.365419414,-1.142868042,0.269577026,-0.176940918,19.11708069,-54.35432434,-48.65895081,,,,,,,,
1,39:45.9,00:05,60,0,39:49.0,1661938789,0.804257339,0.665386804,-2.260363834,-1.072097778,0.257949829,-0.164352417,18.20591736,-56.2245636,-49.93933105,,,,,,,,
1,39:45.9,00:05,60,0,39:49.0,1661938789,0.739426943,0.5974477,-2.134679142,-1.005477905,0.244613647,-0.139846802,17.48878479,-58.30514526,-51.06031799,,,,,,,,
1,39:45.9,00:05,60,0,39:49.1,1661938789,0.705282555,0.487658884,-2.012067472,-0.945617676,0.230133057,-0.128662109,16.7562561,-60.07652283,-51.87893677,,,,,,,,
1,39:45.9,00:05,60,0,39:49.1,1661938789,0.630680222,0.384118377,-1.897453807,-0.887527466,0.215255737,-0.121627808,16.45605469,-61.96141052,-51.7565155,,,,,,,,
1,39:45.9,00:05,60,0,39:49.1,1661938789,0.506195817,0.303718076,-1.777093573,-0.853179932,0.21043396,-0.121002197,16.45605469,-61.96141052,-51.7565155,,,,,,,,
1,39:45.9,00:05,60,0,39:49.1,1661938789,0.403973574,0.267808278,-1.638913596,-0.816543579,0.20161438,-0.119064331,15.85098267,-63.77297974,-52.38084412,,,,,,,,
1,39:45.9,00:05,60,0,39:49.1,1661938789,0.332546528,0.284332127,-1.463130583,-0.782623291,0.189834595,-0.118835449,15.46542358,-64.74028015,-52.96237183,,,,,,,,
1,39:45.9,00:05,60,0,39:49.1,1661938789,0.280054292,0.289158841,-1.257173955,-0.751922607,0.181686401,-0.107925415,15.44717407,-66.40509033,-53.07499695,,,,,,,,
1,39:45.9,00:05,60,0,39:49.2,1661938789,0.230565835,0.286107923,-1.035142753,-0.731658936,0.167419434,-0.111846924,15.42398071,-67.8432312,-53.35394287,,,,,,,,
1,39:45.9,00:05,60,0,39:49.2,1661938789,0.211872574,0.2974956,-0.824642772,-0.715606689,0.156219482,-0.110076904,15.42398071,-67.8432312,-53.35394287,,,,,,,,
1,39:45.9,00:05,60,0,39:49.2,1661938789,0.253082862,0.26728763,-0.64864351,-0.69418335,0.147338867,-0.094650269,15.22557068,-68.60986328,-53.42913818,,,,,,,,
1,39:45.9,00:05,60,0,39:49.2,1661938789,0.298540358,0.218559505,-0.490410462,-0.671173096,0.130722046,-0.086730957,15.21339417,-68.92637634,-53.70906067,,,,,,,,
1,39:45.9,00:05,60,0,39:49.2,1661938789,0.299019461,0.138264932,-0.311991186,-0.648727417,0.109802246,-0.071243286,15.12490845,-69.48196411,-53.65605164,,,,,,,,
1,39:45.9,00:05,60,0,39:49.2,1661938789,0.253980347,0.002689793,-0.109618906,-0.634399414,0.095352173,-0.067352295,15.20718384,-69.54092407,-53.13504028,,,,,,,,
1,39:45.9,00:05,60,0,39:49.3,1661938789,0.169122181,-0.15284281,0.10430084,-0.624359131,0.082199097,-0.062606812,14.83903503,-69.26351929,-54.10643005,,,,,,,,
1,39:45.9,00:05,60,0,39:49.3,1661938789,0.037740721,-0.266915054,0.306147678,-0.63168335,0.067687988,-0.066757202,14.99713135,-69.47366333,-53.32887268,,,,,,,,
1,39:45.9,00:05,60,0,39:49.3,1661938789,-0.131848312,-0.306140754,0.473037597,-0.653503418,0.051727295,-0.066864014,14.99713135,-69.47366333,-53.32887268,,,,,,,,
1,39:45.9,00:05,60,0,39:49.3,1661938789,-0.274191343,-0.269505777,0.598462631,-0.669235229,0.043640137,-0.065490723,15.00700378,-69.02133179,-52.65576172,,,,,,,,
1,39:45.9,00:05,60,0,39:49.3,1661938789,-0.384340751,-0.198300839,0.716088863,-0.679840088,0.037963867,-0.062225342,14.88674927,-67.95726013,-53.40956116,,,,,,,,
1,39:45.9,00:05,60,0,39:49.3,1661938789,-0.495908824,-0.151706971,0.848069268,-0.685699463,0.029510498,-0.072402954,15.03466797,-67.24913025,-52.13238525,,,,,,,,
1,39:45.9,00:05,60,0,39:49.4,1661938789,-0.616967073,-0.129134817,0.99942923,-0.697265625,0.025817871,-0.079879761,15.03990173,-65.60647583,-53.07583618,,,,,,,,
1,39:45.9,00:05,60,0,39:49.4,1661938789,-0.722451422,-0.208258398,1.184122647,-0.712753296,0.035430908,-0.085998535,15.21888733,-64.0925293,-52.58454895,,,,,,,,
1,39:45.9,00:05,60,0,39:49.4,1661938789,-0.789402492,-0.36437157,1.393430065,-0.761901855,0.050674438,-0.11505127,15.21888733,-64.0925293,-52.58454895,,,,,,,,
1,39:45.9,00:05,60,0,39:49.4,1661938789,-0.783126487,-0.518948896,1.578733346,-0.875167847,0.100418091,-0.141662598,15.56987,-62.76950073,-50.97569275,,,,,,,,
1,39:45.9,00:05,60,0,39:49.4,1661938789,-0.73803411,-0.587140201,1.724889491,-1.021621704,0.176773071,-0.169036865,15.88874817,-61.37864685,-50.95864868,,,,,,,,
1,39:45.9,00:05,60,0,39:49.4,1661938789,-0.71843857,-0.56093443,1.828327466,-1.156097412,0.239608765,-0.187149048,16.52351379,-59.88467407,-49.7026062,,,,,,,,
1,39:45.9,00:05,60,0,39:49.5,1661938789,-0.732622034,-0.472397639,1.91428099,-1.223602295,0.264160156,-0.200256348,16.86642456,-57.59046936,-49.81149292,,,,,,,,
1,39:45.9,00:05,60,0,39:49.5,1661938789,-0.76795073,-0.389251886,2.02805283,-1.209625244,0.240905762,-0.216064453,17.62698364,-55.84202576,-49.2973938,,,,,,,,
1,39:45.9,00:05,60,0,39:49.5,1661938789,-0.778113619,-0.319203559,2.172206544,-1.182922363,0.19367981,-0.200897217,17.62698364,-55.84202576,-49.2973938,,,,,,,,
1,39:45.9,00:05,60,0,39:49.5,1661938790,-0.776415854,-0.331038913,2.302189578,-1.150985718,0.159301758,-0.179672241,18.70422363,-53.66101074,-48.37840271,,,,,,,,
1,39:45.9,00:05,60,0,39:49.5,1661938790,-0.764302998,-0.427538821,2.389276277,-1.125488281,0.139007568,-0.170608521,19.71109009,-51.77029419,-48.11100769,,,,,,,,
1,39:45.9,00:05,60,0,39:49.5,1661938790,-0.744224894,-0.55848086,2.421453388,-1.128555298,0.136077881,-0.170944214,20.98806763,-49.7651062,-46.75875854,,,,,,,,
1,39:45.9,00:05,60,0,39:49.6,1661938790,-0.681442203,-0.693367838,2.413550724,-1.155090332,0.163986206,-0.167190552,21.89952087,-47.67860413,-46.26870728,,,,,,,,
1,39:45.9,00:05,60,0,39:49.6,1661938790,-0.586267217,-0.825408963,2.427985057,-1.212875366,0.19619751,-0.170669556,23.19213867,-45.71537781,-45.41389465,,,,,,,,
1,39:45.9,00:05,60,0,39:49.6,1661938790,-0.517533693,-0.949675788,2.48911286,-1.291473389,0.234237671,-0.174240112,23.19213867,-45.71537781,-45.41389465,,,,,,,,
1,39:45.9,00:05,60,0,39:49.6,1661938790,-0.53302823,-0.85817916,2.631067069,-1.483459473,0.315383911,-0.156173706,24.80769348,-44.427948,-43.70449829,,,,,,,,
1,39:45.9,00:05,60,0,39:49.6,1661938790,-0.657704649,-0.661460505,2.616850583,-1.532211304,0.320907593,-0.153152466,26.19685364,-42.4236145,-43.65635681,,,,,,,,
1,39:45.9,00:05,60,0,39:49.6,1661938790,-0.885341006,-0.412865336,2.566171426,-1.513305664,0.286605835,-0.151153564,28.10772705,-40.8193512,-42.52073669,,,,,,,,
1,39:45.9,00:05,60,0,39:49.7,1661938790,-1.164822452,-0.190164349,2.509196557,-1.450454712,0.237014771,-0.147979736,29.90447998,-39.42184448,-41.9753418,,,,,,,,
1,39:45.9,00:05,60,0,39:49.7,1661938790,-1.357586579,-0.059424445,2.456174884,-1.367080688,0.191665649,-0.145370483,31.80859375,-38.22187805,-40.72640991,,,,,,,,
1,39:45.9,00:05,60,0,39:49.7,1661938790,-1.375267839,-0.039277631,2.396719813,-1.301849365,0.153060913,-0.142959595,31.80859375,-38.22187805,-40.72640991,,,,,,,,
1,39:45.9,00:05,60,0,39:49.7,1661938790,-1.25975003,-0.086360722,2.316563191,-1.277923584,0.140350342,-0.13092041,33.52815247,-37.04914856,-39.38615417,,,,,,,,
1,39:45.9,00:05,60,0,39:49.7,1661938790,-1.089232087,-0.181681116,2.226958207,-1.274810791,0.14201355,-0.11529541,35.32931519,-35.90666199,-38.07569885,,,,,,,,
1,39:45.9,00:05,60,0,39:49.7,1661938790,-0.950565816,-0.30116224,2.13373372,-1.255783081,0.122787476,-0.106140137,37.31074524,-35.33114624,-37.18902588,,,,,,,,
1,39:45.9,00:05,60,0,39:49.8,1661938790,-0.898490098,-0.412970531,2.021953659,-1.223205566,0.089492798,-0.120529175,38.70480347,-34.30903625,-36.79934692,,,,,,,,
1,39:45.9,00:05,60,0,39:49.8,1661938790,-0.926695371,-0.417715485,1.896234612,-1.205612183,0.059524536,-0.130889893,40.4942627,-34.06568909,-35.49761963,,,,,,,,
1,39:45.9,00:05,60,0,39:49.8,1661938790,-0.995175096,-0.327543248,1.748702678,-1.20022583,0.035217285,-0.129699707,40.4942627,-34.06568909,-35.49761963,,,,,,,,
1,39:45.9,00:05,60,0,39:49.8,1661938790,-1.093392477,-0.175470358,1.562545321,-1.207595825,0.019470215,-0.129669189,42.02095032,-33.68267822,-34.32588196,,,,,,,,
1,39:45.9,00:05,60,0,39:49.8,1661938790,-1.221108895,-0.04789855,1.378167755,-1.203353882,0.0105896,-0.127258301,43.30262756,-33.23034668,-33.23402405,,,,,,,,
1,39:45.9,00:05,60,0,39:49.8,1661938790,-1.304887415,0.028978122,1.195546809,-1.173904419,-0.007385254,-0.147094727,44.28312683,-33.35583496,-31.97232056,,,,,,,,
1,39:45.9,00:05,60,0,39:49.9,1661938790,-1.316397331,0.095761946,0.988267389,-1.150756836,-0.031646729,-0.163574219,45.29679871,-33.22392273,-30.96604919,,,,,,,,
1,39:45.9,00:05,60,0,39:49.9,1661938790,-1.268615427,0.151609766,0.745494689,-1.135238647,-0.039916992,-0.169128418,45.88130188,-33.35090637,-30.1566925,,,,,,,,
1,39:45.9,00:05,60,0,39:49.9,1661938790,-1.170920825,0.195602524,0.528840942,-1.119522095,-0.043807983,-0.171859741,45.88130188,-33.35090637,-30.1566925,,,,,,,,
1,39:45.9,00:05,60,0,39:49.9,1661938790,-1.037185131,0.215080884,0.355489395,-1.095214844,-0.05229187,-0.17024231,46.22666931,-33.23530579,-28.52986145,,,,,,,,
1,39:45.9,00:05,60,0,39:49.9,1661938790,-0.894786973,0.224665867,0.18395439,-1.066696167,-0.061157227,-0.175796509,46.38316345,-33.60116577,-28.22113037,,,,,,,,
1,39:45.9,00:05,60,0,39:49.9,1661938790,-0.760831301,0.261134396,0.003064766,-1.041259766,-0.055770874,-0.178543091,46.33045959,-33.87882996,-26.71783447,,,,,,,,
1,39:45.9,00:05,60,0,39:50.0,1661938790,-0.59738192,0.31656623,-0.158214938,-1.018463135,-0.051208496,-0.174133301,46.22210693,-33.75891113,-26.59588623,,,,,,,,
1,39:45.9,00:05,60,0,39:50.0,1661938790,-0.437247109,0.351980947,-0.287344962,-0.996322632,-0.051345825,-0.167037964,45.74688721,-33.96907043,-27.07377625,,,,,,,,
1,39:45.9,00:05,60,0,39:50.0,1661938790,-0.29513817,0.346409614,-0.414164959,-0.972915649,-0.046524048,-0.168716431,45.74688721,-33.96907043,-27.07377625,,,,,,,,
1,39:45.9,00:05,60,0,39:50.0,1661938790,-0.163565229,0.35975285,-0.530729656,-0.960098267,-0.035980225,-0.164382935,45.33169556,-34.03465271,-26.42012024,,,,,,,,
1,39:45.9,00:05,60,0,39:50.0,1661938790,-0.046650326,0.368896547,-0.617723677,-0.959503174,-0.026000977,-0.156188965,44.67111206,-33.72651672,-27.28387451,,,,,,,,
1,39:45.9,00:05,60,0,39:50.0,1661938790,0.044654287,0.347307631,-0.696371884,-0.961364746,-0.017181396,-0.162963867,44.01472473,-33.95120239,-27.14312744,,,,,,,,
1,39:45.9,00:05,60,0,39:50.1,1661938790,0.112690596,0.35432799,-0.761986048,-0.972717285,-0.010391235,-0.177856445,43.34188843,-33.9911499,-27.12956238,,,,,,,,
1,39:45.9,00:05,60,0,39:50.1,1661938790,0.206523083,0.418495525,-0.836551363,-0.991622925,-0.006271362,-0.183654785,42.46688843,-34.41352844,-27.80079651,,,,,,,,
1,39:45.9,00:05,60,0,39:50.1,1661938790,0.324002841,0.546782658,-0.932498931,-1.021499634,0.008590698,-0.186340332,42.46688843,-34.41352844,-27.80079651,,,,,,,,
1,39:45.9,00:05,60,0,39:50.1,1661938790,0.427904473,0.630584614,-1.018075618,-1.041503906,0.021987915,-0.193572998,41.50830078,-34.54937744,-27.72297668,,,,,,,,
1,39:45.9,00:05,60,0,39:50.1,1661938790,0.532511311,0.678155596,-1.097809064,-1.047927856,0.024475098,-0.201904297,40.53266907,-34.71458435,-28.40484619,,,,,,,,
1,39:45.9,00:05,60,0,39:50.1,1661938790,0.621185254,0.722417866,-1.161150486,-1.067687988,0.032699585,-0.200485229,39.56768799,-34.79272461,-29.41395569,,,,,,,,
1,39:45.9,00:05,60,0,39:50.2,1661938790,0.693350261,0.77124506,-1.234950142,-1.091537476,0.034927368,-0.19744873,38.1771698,-35.04457092,-29.95884705,,,,,,,,
1,39:45.9,00:05,60,0,39:50.2,1661938790,0.756637355,0.842504859,-1.339750857,-1.130889893,0.039596558,-0.20010376,37.01974487,-35.68112183,-31.16737366,,,,,,,,
1,39:45.9,00:05,60,0,39:50.2,1661938790,0.748771443,0.894303076,-1.438790888,-1.186218262,0.062026978,-0.195236206,35.65943909,-35.79364014,-31.74031067,,,,,,,,
1,39:45.9,00:05,60,0,39:50.2,1661938790,0.659295622,0.962351369,-1.512573234,-1.255096436,0.106521606,-0.202148438,35.65943909,-35.79364014,-31.74031067,,,,,,,,
1,39:45.9,00:05,60,0,39:50.2,1661938790,0.536903129,1.091727735,-1.536063646,-1.323013306,0.156646729,-0.194229126,34.43063354,-36.37133789,-32.1259613,,,,,,,,
1,39:45.9,00:05,60,0,39:50.2,1661938790,0.401343969,1.155524558,-1.526417144,-1.354507446,0.177078247,-0.204055786,33.06846619,-36.99913025,-33.33360291,,,,,,,,
1,39:45.9,00:05,60,0,39:50.3,1661938790,0.329758731,1.16727549,-1.528082685,-1.370864868,0.183059692,-0.23248291,31.81784058,-37.57504272,-33.98490906,,,,,,,,
1,39:45.9,00:05,60,0,39:50.3,1661938790,0.357769593,1.221547517,-1.58165004,-1.367721558,0.185165405,-0.262924194,30.44281006,-38.34561157,-35.15548706,,,,,,,,
1,39:45.9,00:05,60,0,39:50.3,1661938790,0.404998092,1.388823861,-1.703371415,-1.374938965,0.184936523,-0.287322998,29.10762024,-39.32614136,-35.63273621,,,,,,,,
1,39:45.9,00:05,60,0,39:50.3,1661938790,0.368374567,1.667982798,-1.864491862,-1.380630493,0.183364868,-0.310653687,29.10762024,-39.32614136,-35.63273621,,,,,,,,
1,39:45.9,00:05,60,0,39:50.3,1661938790,0.433823882,2.048761038,-2.206012178,-1.330841064,0.236602783,-0.379501343,27.61091614,-40.51420593,-36.51733398,,,,,,,,
1,39:45.9,00:05,60,0,39:50.3,1661938790,0.608730981,2.062455012,-2.252251313,-1.333709717,0.26776123,-0.424057007,25.91856384,-42.17755127,-38.9256897,,,,,,,,
1,39:45.9,00:05,60,0,39:50.4,1661938790,0.673307045,2.140049939,-2.197444789,-1.36668396,0.315124512,-0.463500977,24.47705078,-43.21269226,-40.29194641,,,,,,,,
1,39:45.9,00:05,60,0,39:50.4,1661938790,0.643374179,2.34909184,-2.120796084,-1.427459717,0.391998291,-0.481674194,23.09716797,-44.46377563,-42.6894989,,,,,,,,
1,39:45.9,00:05,60,0,39:50.4,1661938790,0.592720323,2.582719777,-2.081483298,-1.474090576,0.466583252,-0.488250732,22.06234741,-45.54721069,-45.02073669,,,,,,,,
1,39:45.9,00:05,60,0,39:50.4,1661938790,0.637710435,2.740077177,-2.036456169,-1.485595703,0.517776489,-0.508850098,22.06234741,-45.54721069,-45.02073669,,,,,,,,
1,39:45.9,00:05,60,0,39:50.4,1661938790,0.760984433,2.910255834,-2.020826076,-1.454940796,0.527420044,-0.55166626,21.52029419,-47.64898682,-46.58058167,,,,,,,,
1,39:45.9,00:05,60,0,39:50.4,1661938790,0.73243508,3.081814807,-1.963549737,-1.361114502,0.497634888,-0.565093994,20.87776184,-49.33592224,-49.61080933,,,,,,,,
1,39:45.9,00:05,60,0,39:50.5,1661938790,0.526868871,3.189458713,-1.818799741,-1.251342773,0.424972534,-0.571304321,20.67106628,-50.8290863,-51.81306458,,,,,,,,
1,39:45.9,00:05,60,0,39:50.5,1661938790,0.314851155,3.179803423,-1.639256078,-1.143173218,0.367172241,-0.573532104,20.65306091,-52.02555847,-54.88124084,,,,,,,,
1,39:45.9,00:05,60,0,39:50.5,1661938790,0.182591384,3.212118752,-1.422106983,-1.058776855,0.32484436,-0.602249146,21.17277527,-53.09588623,-57.12014771,,,,,,,,
1,39:45.9,00:05,60,0,39:50.5,1661938791,0.035850676,3.34465629,-1.202997002,-1.003860474,0.260940552,-0.628738403,21.17277527,-53.09588623,-57.12014771,,,,,,,,
1,39:45.9,00:05,60,0,39:50.5,1661938791,-0.072775138,3.455144985,-1.04537009,-0.958221436,0.226165771,-0.642929077,22.08123779,-54.01097107,-58.82958984,,,,,,,,
1,39:45.9,00:05,60,0,39:50.5,1661938791,0.060077985,3.449570722,-0.926240237,-0.88343811,0.218322754,-0.655899048,23.01391602,-54.25436401,-61.69168091,,,,,,,,
1,39:45.9,00:05,60,0,39:50.6,1661938791,0.308624151,3.291764313,-0.758258688,-0.796798706,0.20010376,-0.67515564,24.31790161,-55.2157135,-63.79534912,,,,,,,,
1,39:45.9,00:05,60,0,39:50.6,1661938791,0.5102606,3.103644472,-0.567021617,-0.722381592,0.141159058,-0.699401855,25.65740967,-55.68017578,-66.05114746,,,,,,,,
1,39:45.9,00:05,60,0,39:50.6,1661938791,0.650176958,2.859333531,-0.440467403,-0.699554443,0.100372314,-0.7059021,26.98965454,-56.13613892,-68.11299133,,,,,,,,
1,39:45.9,00:05,60,0,39:50.6,1661938791,0.782172276,2.655540188,-0.333965727,-0.657348633,0.090881348,-0.723999023,26.98965454,-56.13613892,-68.11299133,,,,,,,,
1,39:45.9,00:05,60,0,39:50.6,1661938791,0.912196323,2.534827086,-0.249673749,-0.61706543,0.057800293,-0.722473145,28.75779724,-57.39196777,-69.32914734,,,,,,,,
1,39:45.9,00:05,60,0,39:50.6,1661938791,0.875358147,2.535097929,-0.27699432,-0.599594116,0.0181427,-0.737411499,30.02880859,-57.78555298,-72.08555603,,,,,,,,
1,39:45.9,00:05,60,0,39:50.7,1661938791,0.590992464,2.638724457,-0.409899374,-0.571838379,0.008636475,-0.74331665,31.91784668,-58.54994202,-73.45388794,,,,,,,,
1,39:45.9,00:05,60,0,39:50.7,1661938791,0.222722292,2.863181798,-0.44218674,-0.540786743,-0.00491333,-0.73500061,33.55513,-58.70474243,-75.15060425,,,,,,,,
1,39:45.9,00:05,60,0,39:50.7,1661938791,-0.001298291,2.925464348,-0.332661577,-0.485656738,-0.004455566,-0.706344604,35.74261475,-59.02284241,-76.21488953,,,,,,,,
1,39:45.9,00:05,60,0,39:50.7,1661938791,-0.022740466,2.733029121,-0.163309832,-0.411605835,-0.02796936,-0.72895813,35.74261475,-59.02284241,-76.21488953,,,,,,,,
1,39:45.9,00:05,60,0,39:50.7,1661938791,0.076249231,2.448878888,-0.038072285,-0.336547852,-0.064834595,-0.768661499,37.69432068,-59.09820557,-76.11140442,,,,,,,,
1,39:45.9,00:05,60,0,39:50.7,1661938791,0.261961042,2.147557124,0.046151783,-0.284683228,-0.065765381,-0.749862671,39.22618103,-59.07974243,-77.98564148,,,,,,,,
1,39:45.9,00:05,60,0,39:50.8,1661938791,0.447831044,1.774114828,0.107480921,-0.250228882,-0.065719604,-0.72618103,40.63114929,-59.2817688,-78.30697632,,,,,,,,
1,39:45.9,00:05,60,0,39:50.8,1661938791,0.193552156,1.750484866,0.168105919,-0.199630737,-0.108551025,-0.729629517,42.18440247,-59.41508484,-79.3992157,,,,,,,,
1,39:45.9,00:05,60,0,39:50.8,1661938791,-0.170834593,1.756639963,0.100700779,-0.222259521,-0.184677124,-0.739242554,43.41659546,-58.89151001,-79.79179382,,,,,,,,
1,39:45.9,00:05,60,0,39:50.8,1661938791,-0.408543292,1.760797957,0.122745095,-0.182022095,-0.168655396,-0.760421753,43.41659546,-58.89151001,-79.79179382,,,,,,,,
1,39:45.9,00:05,60,0,39:50.8,1661938791,-0.513567447,1.845401258,0.127765153,-0.188934326,-0.197143555,-0.773635864,45.16282654,-58.7587738,-79.40261841,,,,,,,,
1,39:45.9,00:05,60,0,39:50.8,1661938791,-0.566133986,1.758591794,0.108661234,-0.119659424,-0.216415405,-0.733840942,46.57432556,-58.13665771,-79.90565491,,,,,,,,
1,39:45.9,00:05,60,0,39:50.9,1661938791,-0.549228239,1.478043752,0.021128455,-0.113067627,-0.261291504,-0.768218994,47.75808716,-57.66847229,-80.18022156,,,,,,,,
1,39:45.9,00:05,60,0,39:50.9,1661938791,-0.436199954,1.077643874,-0.158004282,-0.125228882,-0.32711792,-0.767578125,48.59397888,-57.55555725,-79.80227661,,,,,,,,
1,39:45.9,00:05,60,0,39:50.9,1661938791,-0.280400503,0.623285689,-0.259310131,-0.081268311,-0.324050903,-0.786346436,48.85470581,-57.54684448,-80.2759552,,,,,,,,
1,39:45.9,00:05,60,0,39:50.9,1661938791,-0.050241866,0.335674411,-0.306534635,-0.048202515,-0.305130005,-0.819274902,48.85470581,-57.54684448,-80.2759552,,,,,,,,
1,39:45.9,00:05,60,0,39:50.9,1661938791,0.351613963,0.241454435,-0.444922872,-0.036422729,-0.285903931,-0.819763184,48.91238403,-58.07325745,-79.63822937,,,,,,,,
1,39:45.9,00:05,60,0,39:50.9,1661938791,0.619231026,0.125082817,-0.391179216,0.023498535,-0.187271118,-0.81640625,48.94958496,-58.5453186,-80.50367737,,,,,,,,
1,39:45.9,00:05,60,0,39:51.0,1661938791,0.800905484,0.076013808,-0.192686363,0.039001465,-0.235733032,-0.842041016,48.94914246,-59.29632568,-79.98817444,,,,,,,,
1,39:45.9,00:05,60,0,39:51.0,1661938791,0.749093152,0.091582115,-0.018035726,0.063751221,-0.249404907,-0.844741821,49.04672241,-59.66055298,-80.71292114,,,,,,,,
1,39:45.9,00:05,60,0,39:51.0,1661938791,0.519147036,0.16967452,0.079588569,0.068374634,-0.295013428,-0.844436646,49.32754517,-60.19833374,-81.17022705,,,,,,,,
1,39:45.9,00:05,60,0,39:51.0,1661938791,0.384292547,0.105772236,-0.112534002,0.0597229,-0.322052002,-0.862197876,49.32754517,-60.19833374,-81.17022705,,,,,,,,
1,39:45.9,00:05,60,0,39:51.0,1661938791,0.278393278,-0.130998497,-0.267563267,0.055877686,-0.390289307,-0.927490234,49.29248047,-60.81906128,-81.15962219,,,,,,,,
1,39:45.9,00:05,60,0,39:51.0,1661938791,0.405902235,-0.506766,-0.392144345,0.097396851,-0.328643799,-0.840026855,48.82232666,-60.90666199,-81.07006836,,,,,,,,
1,39:45.9,00:05,60,0,39:51.1,1661938791,0.536438674,-0.609611156,-0.217784792,0.087600708,-0.304244995,-0.874298096,48.35787964,-61.35160828,-81.06773376,,,,,,,,
1,39:45.9,00:05,60,0,39:51.1,1661938791,0.421584526,-0.642184812,0.014101704,0.081130981,-0.38482666,-0.823791504,47.709198,-61.28851318,-81.6277771,,,,,,,,
1,39:45.9,00:05,60,0,39:51.1,1661938791,0.166731461,-0.476175866,0.207034143,0.089645386,-0.34085083,-0.85105896,47.41142273,-61.71713257,-81.58094788,,,,,,,,
1,39:45.9,00:05,60,0,39:51.1,1661938791,-0.056327721,-0.169671857,0.330417864,0.049087524,-0.35446167,-0.882904053,47.41142273,-61.71713257,-81.58094788,,,,,,,,
1,39:45.9,00:05,60,0,39:51.1,1661938791,-0.045521679,0.088484326,0.25315237,0.005279541,-0.346694946,-0.869140625,47.27622986,-61.47608948,-81.50569153,,,,,,,,
1,39:45.9,00:05,60,0,39:51.1,1661938791,0.148523162,0.026802852,0.095334509,0.053375244,-0.331222534,-0.88180542,47.46516418,-61.73854065,-81.93614197,,,,,,,,
1,39:45.9,00:05,60,0,39:51.2,1661938791,0.369065391,-0.215887822,-0.002621882,0.089019775,-0.349731445,-0.883926392,47.37211609,-62.14916992,-81.50971985,,,,,,,,
1,39:45.9,00:05,60,0,39:51.2,1661938791,0.504209099,-0.390767757,-0.041927477,0.062728882,-0.393692017,-0.88381958,47.17149353,-62.06355286,-82.25285339,,,,,,,,
1,39:45.9,00:05,60,0,39:51.2,1661938791,0.489139069,-0.355078736,-0.067728714,0.006286621,-0.430557251,-0.869277954,46.87194824,-62.58866882,-82.28918457,,,,,,,,
1,39:45.9,00:05,60,0,39:51.2,1661938791,0.374304628,-0.113605658,-0.078945682,-0.052200317,-0.463088989,-0.870651245,46.82299805,-63.21708679,-82.05107117,,,,,,,,
1,39:45.9,00:05,60,0,39:51.2,1661938791,0.312810374,0.033161149,-0.120161562,-0.051971436,-0.447265625,-0.829772949,46.82299805,-63.21708679,-82.05107117,,,,,,,,
1,39:45.9,00:05,60,0,39:51.2,1661938791,0.263675052,0.023122896,-0.174362749,-0.012374878,-0.415054321,-0.82598877,46.81330872,-63.69694519,-82.1396637,,,,,,,,
1,39:45.9,00:05,60,0,39:51.3,1661938791,0.221424268,-0.11414628,-0.22404615,0.011642456,-0.437286377,-0.815719604,46.85919189,-63.63169861,-82.36219788,,,,,,,,
1,39:45.9,00:05,60,0,39:51.3,1661938791,0.162354822,-0.128101244,-0.346215469,0.027984619,-0.443984985,-0.831710815,46.59825134,-63.85266113,-82.15473938,,,,,,,,
1,39:45.9,00:05,60,0,39:51.3,1661938791,0.100419283,-0.103663545,-0.373503549,0.038803101,-0.398971558,-0.848892212,46.48167419,-64.01513672,-82.38218689,,,,,,,,
1,39:45.9,00:05,60,0,39:51.3,1661938791,0.013279853,0.006284261,-0.280943788,0.034790039,-0.407058716,-0.870452881,46.40063477,-63.90422058,-82.47375488,,,,,,,,
1,39:45.9,00:05,60,0,39:51.3,1661938791,-0.009281383,-0.03600221,-0.167814569,0.038314819,-0.412796021,-0.857681274,46.40063477,-63.90422058,-82.47375488,,,,,,,,
1,39:45.9,00:05,60,0,39:51.3,1661938791,0.042814043,-0.072038774,-0.161528177,0.040084839,-0.409286499,-0.859695435,46.29194641,-64.04151917,-81.84364319,,,,,,,,
1,39:45.9,00:05,60,0,39:51.4,1661938791,0.086334356,-0.164110911,-0.242282678,0.079727173,-0.368743896,-0.838973999,46.17634583,-64.05903625,-81.9642334,,,,,,,,
1,39:45.9,00:05,60,0,39:51.4,1661938791,0.059590626,-0.187181076,-0.240461875,0.066864014,-0.383804321,-0.869873047,45.93307495,-64.12387085,-81.98213196,,,,,,,,
1,39:45.9,00:05,60,0,39:51.4,1661938791,0.069025673,-0.229638522,-0.202624747,0.055114746,-0.404541016,-0.884155273,45.73184204,-64.08717346,-82.17254639,,,,,,,,
1,39:45.9,00:05,60,0,39:51.4,1661938791,0.131380927,-0.288424873,-0.179368693,0.0496521,-0.391281128,-0.887283325,45.33709717,-64.49853516,-82.65779114,,,,,,,,
1,39:45.9,00:05,60,0,39:51.4,1661938791,0.115031249,-0.359538465,-0.180938627,0.040344238,-0.407394409,-0.895202637,45.33709717,-64.49853516,-82.65779114,,,,,,,,
1,39:45.9,00:05,60,0,39:51.4,1661938791,0.06212276,-0.352805461,-0.190971287,0.026168823,-0.431564331,-0.898483276,45.13368225,-64.76057434,-81.95396423,,,,,,,,
1,39:45.9,00:05,60,0,39:51.5,1661938791,0.085167093,-0.311489979,-0.189339835,0.012329102,-0.41998291,-0.888336182,44.66221619,-64.59234619,-82.6065979,,,,,,,,
1,39:45.9,00:05,60,0,39:51.5,1661938791,0.156149657,-0.257143916,-0.133384956,0.016876221,-0.40296936,-0.883728027,44.73127747,-64.99229431,-82.06767273,,,,,,,,
1,39:45.9,00:05,60,0,39:51.5,1661938791,0.201132312,-0.241580935,-0.068140705,0.009841919,-0.415527344,-0.892333984,44.28265381,-64.55143738,-82.44287109,,,,,,,,
1,39:45.9,00:05,60,0,39:51.5,1661938792,0.166768479,-0.19823133,-0.053761233,0.014205933,-0.414199829,-0.898803711,44.29161072,-65.3732605,-82.87683105,,,,,,,,
1,39:45.9,00:05,60,0,39:51.5,1661938792,0.331316414,-0.030049778,-0.024135963,0.01008606,-0.411148071,-0.858230591,44.29161072,-65.3732605,-82.87683105,,,,,,,,
1,39:45.9,00:05,60,0,39:51.5,1661938792,0.127320672,-0.100171342,-0.066912189,-0.027923584,-0.445877075,-0.903076172,44.35876465,-65.70317078,-81.81246948,,,,,,,,
1,39:45.9,00:05,60,0,39:51.6,1661938792,-0.382766023,-0.197731721,-0.112813102,0.000335693,-0.444732666,-0.917510986,43.86979675,-65.22090149,-82.33221436,,,,,,,,
1,39:45.9,00:05,60,0,39:51.6,1661938792,-0.607363714,-0.14801876,-0.143458363,-0.00151062,-0.474639893,-0.927871704,43.91230774,-64.91134644,-81.73147583,,,,,,,,